{"loss": 0.16738328337669373, "_timestamp": 1672925997.82169, "_runtime": 28.68352508544922, "_step": 1562, "_wandb": {"runtime": 33}}