{"epoch": 9, "train_acc": 0.5731201255369012, "train_loss": 0.2540123535068827, "val_acc": 0.5583457685018319, "val_loss": 0.3410946473633891, "_timestamp": 1672930203.591904, "_runtime": 6.0302629470825195, "_step": 8, "_wandb": {"runtime": 27}}