{"epoch": 14, "train_acc": 0.7913255858820732, "train_loss": -0.2419657487875912, "val_acc": 0.8099930081380423, "val_loss": -0.08606208575233598, "_timestamp": 1672930323.920966, "_runtime": 6.322750806808472, "_step": 13, "_wandb": {"runtime": 28}}