{"loss": 0.1457829773426056, "_timestamp": 1672925740.224498, "_runtime": 26.2273850440979, "_step": 1562, "_wandb": {"runtime": 35}}