{"loss": 0.004390940070152283, "_timestamp": 1672924606.89949, "_runtime": 112.60305309295654, "_step": 7814, "_wandb": {"runtime": 119}}