{"epoch": 14, "train_loss": 3607.0450778007507, "_timestamp": 1672929679.0814369, "_runtime": 210.8981649875641, "_step": 14}