{"epoch": 9, "train_acc": 0.5967655277720694, "train_loss": 0.270437482054176, "val_acc": 0.577505008475441, "val_loss": 0.3869203741827031, "_timestamp": 1672930241.1351738, "_runtime": 5.953628778457642, "_step": 8, "_wandb": {"runtime": 26}}