{"epoch": 9, "train_acc": 0.6261593258505672, "train_loss": 0.3135856155923396, "val_acc": 0.582692232087951, "val_loss": 0.36357458215494554, "_timestamp": 1672930278.4204988, "_runtime": 6.183191776275635, "_step": 8, "_wandb": {"runtime": 24}}