{"epoch": 9, "train_loss": 3619.239502429962, "_timestamp": 1672929987.169013, "_runtime": 150.4199149608612, "_step": 9}